{
  "RFWID": "1112",
  "dataAnalytics": 47.38730715971843,
  "dataRequested": [
    50.42845746270086, 46.81494986128993, 43.30813535100955, 41.45019514439329,
    41.66325834582938, 43.78211183676943, 47.646972069672, 52.90327472568591,
    58.488409640115535
  ],
  "lastBatchID": 4
}
